{
  "controller/NotFound-dbg.controller.js": 1627369093087,
  "model/formatter.js": 1627369093087,
  "model/models.js": 1627369093087,
  "manifest.json": 1627383889815,
  "controller/Worklist.controller.js": 1627369093087,
  "controller/Object.controller.js": 1627369093087,
  "controller/NotFound.controller.js": 1627369093087,
  "controller/ErrorHandler.js": 1627369093087,
  "controller/BaseController.js": 1627369093087,
  "controller/App.controller.js": 1627369093087,
  "Component.js": 1627369093087,
  "manifest-bundle.zip": 1627383889547,
  "Component-preload.js": 1627383889764,
  "Component-dbg.js": 1627369093087,
  "model/formatter-dbg.js": 1627369093087,
  "controller/Worklist-dbg.controller.js": 1627369093087,
  "controller/Object-dbg.controller.js": 1627369093087,
  "i18n/i18n.properties": 1627369093087,
  "controller/ErrorHandler-dbg.js": 1627369093087,
  "controller/BaseController-dbg.js": 1627369093087,
  "controller/App-dbg.controller.js": 1627369093087,
  "model/models-dbg.js": 1627369093087,
  "view/Worklist.view.xml": 1627369093091,
  "view/ObjectNotFound.view.xml": 1627369093091,
  "view/Object.view.xml": 1627369093091,
  "view/NotFound.view.xml": 1627369093091,
  "view/App.view.xml": 1627369093091,
  "webapp (1).zip": 1627369093091,
  "test.html": 1627369093087,
  "index.html": 1627369093087
}