            {
                "welcomeFile": "eydemoApp2/index.html",
                "authenticationMethod": "none",
                "routes": [
                    {
                        "authenticationType": "none",
                        "csrfProtection": false,
                        "source": "^/NWD/(.*)$",
                        "destination": "NWD",
                        "target": "$1"
                    },
                    {
                        "source": "^(.*)$",
                        "target": "$1",
                        "service": "html5-apps-repo-rt"
                    }
                ]
            }